,bio_source,fold,nan_r2,masked_mse_loss,total_time(sec)
0,bio_source_108T,0,0.5652764251205941,0.5498308935173312,7.560724496841431
1,bio_source_108T,1,0.629027972583063,0.4637826293067064,7.59201717376709
2,bio_source_108T,2,0.6253053961396977,0.5075080916851911,7.543112277984619
3,bio_source_108T,3,0.6018078128940902,0.5295509315940353,7.587577819824219
4,bio_source_108T,4,0.6087419743245621,0.5068936687736982,7.557871580123901
5,bio_source_108T,5,0.5752909660329104,0.519408086125095,7.571381092071533
6,bio_source_108T,6,0.5894553661326811,0.5405624737228402,7.654844045639038
7,bio_source_108T,7,0.6200246352441448,0.47004848179044,7.566205739974976
8,bio_source_108T,8,0.5521631866169407,0.5218881410553639,7.569419145584106
9,bio_source_108T,9,0.5752508285610443,0.5563297347549587,7.575551271438599
10,bio_source_108T,mean,0.5942344563649729,0.5165803132325659,7.577870464324951
11,bio_source_12T,0,0.3707293956252637,0.4586755780170176,7.585354804992676
12,bio_source_12T,1,0.4541670816807917,0.3985646773085148,7.666117906570435
13,bio_source_12T,2,0.4495795398137467,0.4842030559393343,7.584336519241333
14,bio_source_12T,3,0.476414370535882,0.4028696672259856,7.55829119682312
15,bio_source_12T,4,0.4809151080759691,0.4103444618457183,7.562008619308472
16,bio_source_12T,5,0.4493656726604644,0.4356592873613286,7.602885961532593
17,bio_source_12T,6,0.460556253974916,0.451402798431345,7.688530206680298
18,bio_source_12T,7,0.4407896255065935,0.4204727925386917,7.606178998947143
19,bio_source_12T,8,0.425132600375501,0.3891019111776447,7.597884654998779
20,bio_source_12T,9,0.4620251091401569,0.4235950688474652,7.590115785598755
21,bio_source_12T,mean,0.4469674757389285,0.4274889298693045,7.604170465469361
22,bio_source_A2780,0,0.46841128630483,0.2546321627306196,7.577883958816528
23,bio_source_A2780,1,0.5122115492961679,0.2316741210559247,7.66739296913147
24,bio_source_A2780,2,0.4667900950357423,0.2678233693476037,7.572296619415283
25,bio_source_A2780,3,0.5050484524675769,0.2468130987198314,7.585371732711792
26,bio_source_A2780,4,0.5311565828855929,0.2343047779619141,7.544487714767456
27,bio_source_A2780,5,0.5429224612534989,0.2394205028540405,7.579714059829712
28,bio_source_A2780,6,0.4849439779302777,0.2544209087995891,7.697194099426269
29,bio_source_A2780,7,0.4538495243946141,0.2477755701003168,7.621783018112183
30,bio_source_A2780,8,0.4811869854937396,0.2376910127339702,7.586284637451172
31,bio_source_A2780,9,0.510908751364187,0.2509680695042215,7.593738079071045
32,bio_source_A2780,mean,0.4957429666426227,0.2465523593808032,7.602614688873291
33,bio_source_A549,0,0.4686440567928365,0.2247774037887802,7.701600551605225
34,bio_source_A549,1,0.5313705076857327,0.2000038493509294,7.577411413192749
35,bio_source_A549,2,0.4962448355241612,0.2272292419194309,7.605249643325806
36,bio_source_A549,3,0.5112743222246086,0.2170695963325003,7.567331790924072
37,bio_source_A549,4,0.5556744818102455,0.198071979137782,7.576455593109131
38,bio_source_A549,5,0.5538640515638781,0.1904590982392071,7.688317060470581
39,bio_source_A549,6,0.5172776686702935,0.2170646358606697,7.585185527801514
40,bio_source_A549,7,0.5150529576373927,0.2020846713747496,7.61067533493042
41,bio_source_A549,8,0.5184594234790683,0.197569170631618,7.593147754669189
42,bio_source_A549,9,0.5522709177420712,0.1859627209523293,7.588659048080444
43,bio_source_A549,mean,0.5220133223130288,0.2060292367587997,7.609403371810913
44,bio_source_BJ,0,0.4843278139958751,0.2564908767033714,7.699515342712402
45,bio_source_BJ,1,0.558432593911915,0.2271601481987882,7.57981276512146
46,bio_source_BJ,2,0.4817225637297637,0.2769044051619436,7.5458900928497314
47,bio_source_BJ,3,0.5334498373152952,0.2267664903012925,7.586564064025879
48,bio_source_BJ,4,0.5710212985794723,0.2133199245373639,7.568164348602295
49,bio_source_BJ,5,0.5216753802462988,0.2433775007285971,7.692074298858643
50,bio_source_BJ,6,0.5204697607155104,0.2522454055576224,7.619455337524414
51,bio_source_BJ,7,0.5089050971607998,0.2349339006813369,7.607712268829346
52,bio_source_BJ,8,0.4657391706808784,0.2447887573186305,7.587916612625122
53,bio_source_BJ,9,0.5434475745247382,0.224606966369845,7.5980048179626465
54,bio_source_BJ,mean,0.5189191090860547,0.2400594375558792,7.608510994911194
55,bio_source_BRx-142,0,0.3836190728971873,0.907824673896552,7.703715085983276
56,bio_source_BRx-142,1,0.3834726617372519,0.9669062766443788,7.627626657485962
57,bio_source_BRx-142,2,0.3956425848758121,0.9564315282918976,7.737501382827759
58,bio_source_BRx-142,3,0.3949585297750277,0.8623367814813309,7.606979608535767
59,bio_source_BRx-142,4,0.3966370431874708,0.9226373178117172,7.631641626358032
60,bio_source_BRx-142,5,0.348216692155839,0.8820923038251263,7.688213109970093
61,bio_source_BRx-142,6,0.4023157813983828,0.8795191712114158,7.61080002784729
62,bio_source_BRx-142,7,0.368305344746869,0.8513235297569866,7.609483242034912
63,bio_source_BRx-142,8,0.3738499120709635,0.9258465448660146,7.605092525482178
64,bio_source_BRx-142,9,0.3492676052192034,1.0110449372192765,7.596445560455322
65,bio_source_BRx-142,mean,0.3796285228064008,0.9165963065004696,7.641749882698059
66,bio_source_C643,0,-1.2158573312251586,1.91395541916015,7.647441864013672
67,bio_source_C643,1,-1.4667302004762988,1.870662448591836,7.591400623321533
68,bio_source_C643,2,-1.164432940715117,1.901976978441115,7.588470697402954
69,bio_source_C643,3,-1.3191199499320936,1.93075756282678,7.590254068374634
70,bio_source_C643,4,-1.2338665257323482,1.8877719562605884,7.676693201065063
71,bio_source_C643,5,-1.4358242755663595,1.725376321435176,7.572248458862305
72,bio_source_C643,6,-1.4533413323643911,1.9000492437156875,7.563441514968872
73,bio_source_C643,7,-1.2008742629156297,1.7702642427053927,7.580861330032349
74,bio_source_C643,8,-1.1943878536116537,1.7729900841410795,7.567310571670532
75,bio_source_C643,9,-1.1992639666825604,1.9033268405728776,7.643486499786377
76,bio_source_C643,mean,-1.288369863922161,1.857713109785068,7.602160882949829
77,bio_source_CRL-1634,0,0.589187546356353,0.2641681761062586,7.605367183685303
78,bio_source_CRL-1634,1,0.6602900761867025,0.2241619170679433,7.606732368469238
79,bio_source_CRL-1634,2,0.6291884023176519,0.2433005617817751,7.598429918289185
80,bio_source_CRL-1634,3,0.658112088460771,0.227702225293302,7.606745719909668
81,bio_source_CRL-1634,4,0.6445796683429901,0.2302014910111649,7.711245536804199
82,bio_source_CRL-1634,5,0.6295966916460706,0.2326000735892731,7.618921041488647
83,bio_source_CRL-1634,6,0.6492369038117358,0.2305405274798665,7.616435289382935
84,bio_source_CRL-1634,7,0.6389848014469834,0.2116313373958782,7.6047749519348145
85,bio_source_CRL-1634,8,0.6245692317027463,0.2289699837998669,7.6041624546051025
86,bio_source_CRL-1634,9,0.6310215369494698,0.2265811820143177,7.708159923553467
87,bio_source_CRL-1634,mean,0.6354766947221474,0.2319857475539646,7.628097438812256
88,bio_source_Calu-3,0,0.5372728886993197,0.3006537782864135,7.644031524658203
89,bio_source_Calu-3,1,0.6020354890557241,0.2341139745644962,7.606196165084839
90,bio_source_Calu-3,2,0.5870288907687353,0.2623875953478298,7.620820760726929
91,bio_source_Calu-3,3,0.5745441858319837,0.2747532887362936,7.580517530441284
92,bio_source_Calu-3,4,0.5925745436930041,0.2430654011676719,7.65636682510376
93,bio_source_Calu-3,5,0.5681717903418498,0.2485602715299054,7.610857725143433
94,bio_source_Calu-3,6,0.5764041922426573,0.2626631463656102,7.630569934844971
95,bio_source_Calu-3,7,0.5854682761304639,0.2299398121181754,7.620321035385132
96,bio_source_Calu-3,8,0.5516398045455744,0.2695323779195632,7.602372646331787
97,bio_source_Calu-3,9,0.558746797653817,0.2558971899763717,7.6751227378845215
98,bio_source_Calu-3,mean,0.5733886858963129,0.2581566836012331,7.624717688560485
99,bio_source_Cybrid Cells,0,0.4435008122689127,0.3149779160154507,7.5968146324157715
100,bio_source_Cybrid Cells,1,0.5155185134608713,0.2710736597107859,7.61357569694519
101,bio_source_Cybrid Cells,2,0.4907431274747755,0.3261059612267512,7.632025957107544
102,bio_source_Cybrid Cells,3,0.5236583874636443,0.2708682159411176,7.694498538970947
103,bio_source_Cybrid Cells,4,0.5097308373661937,0.2910029113325499,7.58765435218811
104,bio_source_Cybrid Cells,5,0.4847121486198538,0.2966360271745432,7.604811191558838
105,bio_source_Cybrid Cells,6,0.5036928666667985,0.2924524158623386,7.608474731445312
106,bio_source_Cybrid Cells,7,0.4579313194374109,0.2797813233515002,7.595945596694946
107,bio_source_Cybrid Cells,8,0.4784884649385682,0.3019676460057,7.710180997848511
108,bio_source_Cybrid Cells,9,0.4851308705814291,0.2986211084054485,7.603522062301636
109,bio_source_Cybrid Cells,mean,0.4893107348278458,0.2943487185026185,7.624750375747681
110,bio_source_H1-hESC,0,0.5615613182409124,0.5430539937229535,7.645293235778809
111,bio_source_H1-hESC,1,0.5812593597423132,0.5160123964747932,7.590610980987549
112,bio_source_H1-hESC,2,0.5629147723747019,0.537160913897664,7.601833343505859
113,bio_source_H1-hESC,3,0.5783469740370349,0.5251457287880118,7.695681571960449
114,bio_source_H1-hESC,4,0.5859840373407106,0.5186006568486251,7.61932373046875
115,bio_source_H1-hESC,5,0.5834523714716874,0.5121782458150536,7.627341032028198
116,bio_source_H1-hESC,6,0.5840745647732819,0.51979679379496,7.6277666091918945
117,bio_source_H1-hESC,7,0.5558062962887063,0.4966702349172872,7.670719861984253
118,bio_source_H1-hESC,8,0.56075851911246,0.5247751564046614,7.714288473129272
119,bio_source_H1-hESC,9,0.5713225123068348,0.5177372858062624,7.65302586555481
120,bio_source_H1-hESC,mean,0.5725480725688643,0.5211131406470273,7.644588470458984
121,bio_source_H1933,0,0.476557961920684,0.4092732841119681,7.62835693359375
122,bio_source_H1933,1,0.5444641969342097,0.3868393304314366,7.60776948928833
123,bio_source_H1933,2,0.4653644865639929,0.4548175477430082,7.623226881027222
124,bio_source_H1933,3,0.5428849985774098,0.3863583054094638,7.682207822799683
125,bio_source_H1933,4,0.5517793420535322,0.3570409267416218,7.595485687255859
126,bio_source_H1933,5,0.5076312184568971,0.3668208493488379,7.6159327030181885
127,bio_source_H1933,6,0.4840139719131336,0.4261461734390717,7.595300197601318
128,bio_source_H1933,7,0.4736040401014066,0.3814907471785371,7.574905633926392
129,bio_source_H1933,8,0.4412596055045878,0.4152234921501276,7.661039352416992
130,bio_source_H1933,9,0.4959258630773625,0.433362767506026,7.595617055892944
131,bio_source_H1933,mean,0.4983485685103215,0.4017373424060099,7.617984175682068
132,bio_source_H9-hESC,0,0.5533215704940444,0.4477755643916249,7.605680465698242
133,bio_source_H9-hESC,1,0.5972178117272812,0.4388322628726996,7.595108985900879
134,bio_source_H9-hESC,2,0.528004982170492,0.4888859913256951,7.665685653686523
135,bio_source_H9-hESC,3,0.5831809301919906,0.4657476937634026,7.602419137954712
136,bio_source_H9-hESC,4,0.5931542514341344,0.4268145818564636,7.632094383239746
137,bio_source_H9-hESC,5,0.5742737810853463,0.4302341322570738,7.619902610778809
138,bio_source_H9-hESC,6,0.5689615540244817,0.4509270020131209,7.642052412033081
139,bio_source_H9-hESC,7,0.5597064187857599,0.4114961510452844,7.722922086715698
140,bio_source_H9-hESC,8,0.533172918732717,0.4436353738750997,7.630093097686768
141,bio_source_H9-hESC,9,0.5848551285453445,0.4171358659981941,7.642230749130249
142,bio_source_H9-hESC,mean,0.5675849347191592,0.4421484619398658,7.635818958282471
143,bio_source_HAP-1,0,0.5124664409282464,0.3556513570203881,7.620859146118164
144,bio_source_HAP-1,1,0.5176348603311579,0.3532055340658074,7.610589265823364
145,bio_source_HAP-1,2,0.4746263194456713,0.3939188332665559,7.706188440322876
146,bio_source_HAP-1,3,0.5070447195642505,0.3774005478332213,7.596933364868164
147,bio_source_HAP-1,4,0.5584346022647927,0.3264555725507783,7.587225198745727
148,bio_source_HAP-1,5,0.5029255987186215,0.3534299694837157,7.599797964096069
149,bio_source_HAP-1,6,0.5310672073708197,0.3462825272394155,7.608278751373291
150,bio_source_HAP-1,7,0.5039672034790277,0.3787906245551894,7.677872180938721
151,bio_source_HAP-1,8,0.4945776119329479,0.3183426614457506,7.620404958724976
152,bio_source_HAP-1,9,0.5048858284048757,0.3589403432237306,7.6093432903289795
153,bio_source_HAP-1,mean,0.5107630392440412,0.3562417970684553,7.623749256134033
154,bio_source_HCC tumor,0,0.5306247268010238,0.3699403902571627,7.607279062271118
155,bio_source_HCC tumor,1,0.5553679960856037,0.3316651823700966,7.6990015506744385
156,bio_source_HCC tumor,2,0.4903450232347224,0.3992049998784551,7.607109308242798
157,bio_source_HCC tumor,3,0.5107758031051004,0.3768493303074044,7.606693267822266
158,bio_source_HCC tumor,4,0.5724311652310048,0.3234580961019698,7.6141197681427
159,bio_source_HCC tumor,5,0.557700181748416,0.3329443864678326,7.594599008560181
160,bio_source_HCC tumor,6,0.534679688919288,0.3529314148535865,7.712836027145386
161,bio_source_HCC tumor,7,0.5048390257014315,0.3615689595541715,7.6102423667907715
162,bio_source_HCC tumor,8,0.5322648119968412,0.3667317761686867,7.59814190864563
163,bio_source_HCC tumor,9,0.5113643383792834,0.3598682062797423,7.614653825759888
164,bio_source_HCC tumor,mean,0.5300392761202715,0.3575162742239108,7.626467609405518
165,bio_source_HCC_adjancent_normal,0,0.554637766843601,0.4575536822890908,7.631749391555786
166,bio_source_HCC_adjancent_normal,1,0.5616458806653224,0.4144225850749758,7.679032325744629
167,bio_source_HCC_adjancent_normal,2,0.5210358502453228,0.4835536388449623,7.601218700408935
168,bio_source_HCC_adjancent_normal,3,0.5121899945270514,0.441523554341414,7.589346885681152
169,bio_source_HCC_adjancent_normal,4,0.5701840290765696,0.4267359387374519,7.612396717071533
170,bio_source_HCC_adjancent_normal,5,0.5833210935354625,0.4161801200658239,7.704612970352173
171,bio_source_HCC_adjancent_normal,6,0.5692476870777097,0.4103935754727347,7.643908262252808
172,bio_source_HCC_adjancent_normal,7,0.532846619953451,0.4400280856895638,7.619276285171509
173,bio_source_HCC_adjancent_normal,8,0.5740033455964126,0.4144374310163008,7.627190351486206
174,bio_source_HCC_adjancent_normal,9,0.5187764846860883,0.4327616974617579,7.610111236572266
175,bio_source_HCC_adjancent_normal,mean,0.5497888752206992,0.4337590308994076,7.631884312629699
176,bio_source_HCT116,0,0.4881068247872145,0.4020238522271986,7.67752742767334
177,bio_source_HCT116,1,0.5119544681790028,0.4067595765543234,7.628593921661377
178,bio_source_HCT116,2,0.5100929148965375,0.413217471519718,7.60351824760437
179,bio_source_HCT116,3,0.5484726340816809,0.3763847556325871,7.608630895614624
180,bio_source_HCT116,4,0.5500969025941196,0.3554661988823536,7.675856590270996
181,bio_source_HCT116,5,0.5566352296572177,0.3768683409032993,7.607380867004394
182,bio_source_HCT116,6,0.5208271856027311,0.3855317031310626,7.620591163635254
183,bio_source_HCT116,7,0.5198095695438161,0.3529966412969559,7.609241724014282
184,bio_source_HCT116,8,0.5137044905767862,0.3644365449157974,7.63180136680603
185,bio_source_HCT116,9,0.534627783635249,0.3979014911261076,7.660186290740967
186,bio_source_HCT116,mean,0.5254328003554355,0.3831586576189403,7.632332849502563
187,bio_source_HEK293,0,0.4889099545391019,0.3260679528858921,7.635956525802612
188,bio_source_HEK293,1,0.5073421137411471,0.3290030167973664,7.615196228027344
189,bio_source_HEK293,2,0.4722162175807618,0.3505534649477117,7.641470432281494
190,bio_source_HEK293,3,0.4972882780754563,0.3382043233873492,7.729873895645142
191,bio_source_HEK293,4,0.5335912456906472,0.3072077971704027,7.624173641204834
192,bio_source_HEK293,5,0.5053694102489779,0.3298973247971357,7.654994249343872
193,bio_source_HEK293,6,0.4864734236223323,0.3463963969422935,7.651597023010254
194,bio_source_HEK293,7,0.4857966278730501,0.3122348903234458,7.637933969497681
195,bio_source_HEK293,8,0.4970564870111635,0.3106808860902315,7.626880168914795
196,bio_source_HEK293,9,0.5023282360937942,0.3251757589652502,7.649950265884399
197,bio_source_HEK293,mean,0.4976371994476432,0.3275421812307079,7.646802639961242
198,bio_source_HEK293T,0,0.4792788664478445,0.3139333259037366,7.669970035552978
199,bio_source_HEK293T,1,0.5222271554019781,0.3037264995986685,7.624413967132568
200,bio_source_HEK293T,2,0.5003201578533332,0.3141119730954067,7.754313707351685
201,bio_source_HEK293T,3,0.5217284740919707,0.2893468761433225,7.651991605758667
202,bio_source_HEK293T,4,0.551067770975505,0.273433730787457,7.656575679779053
203,bio_source_HEK293T,5,0.5412972639283697,0.2881275183999271,7.672565698623657
204,bio_source_HEK293T,6,0.5289745302644654,0.2932385340692622,7.778441905975342
205,bio_source_HEK293T,7,0.5018368354834862,0.2850305844324298,7.67062497138977
206,bio_source_HEK293T,8,0.5356629079741343,0.2617417889830263,7.681569099426269
207,bio_source_HEK293T,9,0.5342088095781682,0.2879892603659165,7.791178941726685
208,bio_source_HEK293T,mean,0.5216602771999256,0.2910680091779153,7.6951645612716675
209,bio_source_HMECs,0,0.6935557500737161,0.2644857350593828,7.734347820281982
210,bio_source_HMECs,1,0.7247350402933133,0.2360913611083176,7.694722414016724
211,bio_source_HMECs,2,0.6883780295197381,0.2834899356702247,7.64279842376709
212,bio_source_HMECs,3,0.7176832932464416,0.2442789576464692,7.6355907917022705
213,bio_source_HMECs,4,0.739061495527418,0.2317514551388062,7.632785081863403
214,bio_source_HMECs,5,0.7382838843027134,0.2068669599012956,7.751460313796997
215,bio_source_HMECs,6,0.7324224183739614,0.2317526008755609,7.664051055908203
216,bio_source_HMECs,7,0.7284936674151281,0.2447792159114486,7.666378259658813
217,bio_source_HMECs,8,0.733737760589426,0.2148630993169354,7.672558307647705
218,bio_source_HMECs,9,0.7312512832447418,0.2279917746268911,7.653785467147827
219,bio_source_HMECs,mean,0.7227602622586596,0.2386351095255331,7.674847793579102
220,bio_source_HSB2,0,0.34898206552654,0.3205426686372397,7.738059759140015
221,bio_source_HSB2,1,0.3791116684389941,0.2935425480636398,7.637869596481323
222,bio_source_HSB2,2,0.3584278642013939,0.3059601382989732,7.657729387283325
223,bio_source_HSB2,3,0.3761306314915698,0.2955699059644039,7.634654521942139
224,bio_source_HSB2,4,0.3871579635142514,0.3052565044981228,7.733210325241089
225,bio_source_HSB2,5,0.3527014635746408,0.2679130953557367,7.647049427032471
226,bio_source_HSB2,6,0.392340345424182,0.2989599171567076,7.638903617858887
227,bio_source_HSB2,7,0.3345026506916501,0.2948701750410687,7.675589323043823
228,bio_source_HSB2,8,0.3445950299005385,0.2857395034037431,7.673583269119263
229,bio_source_HSB2,9,0.3270455961766704,0.3161494358761195,7.724862813949585
230,bio_source_HSB2,mean,0.3600995278940431,0.2984503892295755,7.676151204109192
231,bio_source_HSPCs,0,0.3260681619929042,0.3849635570830141,7.683878660202026
232,bio_source_HSPCs,1,0.3801657470862075,0.3774358056943774,7.691993951797485
233,bio_source_HSPCs,2,0.4177431549933559,0.3803557242078912,7.679213523864746
234,bio_source_HSPCs,3,0.4350218488089938,0.3318480439555957,7.885291337966919
235,bio_source_HSPCs,4,0.433654556262415,0.3202064080610031,7.686279535293579
236,bio_source_HSPCs,5,0.3969795227288981,0.3248382909643158,7.696759939193726
237,bio_source_HSPCs,6,0.3890329407096213,0.3655776635340255,7.680189371109009
238,bio_source_HSPCs,7,0.3698295891029939,0.3603596771577438,7.668523073196411
239,bio_source_HSPCs,8,0.4040587032966172,0.3526404617206461,7.759143114089966
240,bio_source_HSPCs,9,0.4392807180282687,0.32431407558802,7.661461353302002
241,bio_source_HSPCs,mean,0.3991834943010277,0.3522539707966633,7.709273386001587
242,bio_source_HeLa,0,0.5292920863504131,0.2410609297736888,7.683053970336914
243,bio_source_HeLa,1,0.6089851828938226,0.2068858386298132,7.642410039901733
244,bio_source_HeLa,2,0.5401757544321109,0.2421730342847255,7.779645919799805
245,bio_source_HeLa,3,0.6032252936270778,0.2183902762224214,7.773787498474121
246,bio_source_HeLa,4,0.6305001438168842,0.2019329091573729,7.611521005630493
247,bio_source_HeLa,5,0.6005758150458789,0.2107902372321832,7.7387855052948
248,bio_source_HeLa,6,0.5918383554145243,0.2219014820065453,7.6856279373168945
249,bio_source_HeLa,7,0.5755684346456181,0.2089173663596233,7.757964134216309
250,bio_source_HeLa,8,0.5770290133426159,0.2010323970027036,7.651413440704346
251,bio_source_HeLa,9,0.5631782582575766,0.2232810499616555,7.667774438858032
252,bio_source_HeLa,mean,0.5820368337826521,0.2176365520630732,7.699198389053345
253,bio_source_HeLa S3,0,0.5437910200629343,0.2906468371848738,7.638376474380493
254,bio_source_HeLa S3,1,0.6086426250697973,0.2435279928745551,7.776835918426514
255,bio_source_HeLa S3,2,0.5589046507095197,0.2651686054148067,7.681555509567261
256,bio_source_HeLa S3,3,0.5909088705921987,0.2507279009402873,7.655299663543701
257,bio_source_HeLa S3,4,0.6119844278414373,0.2373777660344181,7.682868480682373
258,bio_source_HeLa S3,5,0.6171478772665946,0.2403654080817304,7.646924018859863
259,bio_source_HeLa S3,6,0.5915506089735827,0.25072485456894,7.748196840286255
260,bio_source_HeLa S3,7,0.5410861461167911,0.2534716845193958,7.627328395843506
261,bio_source_HeLa S3,8,0.5483632294414993,0.2637307919013409,7.688807249069214
262,bio_source_HeLa S3,9,0.6050313949091656,0.237967677036641,7.676628828048706
263,bio_source_HeLa S3,mean,0.5817410850983519,0.2533709518556989,7.682282137870788
264,bio_source_HepG2,0,0.3413305328674669,0.2634976605215444,7.743478059768677
265,bio_source_HepG2,1,0.3627651712508629,0.2455821163010648,7.645272493362427
266,bio_source_HepG2,2,0.3203889472338888,0.3236120846115282,7.622239589691162
267,bio_source_HepG2,3,0.2927365349376218,0.25210222855523,7.622101783752441
268,bio_source_HepG2,4,0.2962854088881212,0.2764953763034903,7.644823789596558
269,bio_source_HepG2,5,0.3281705088333585,0.2813437547574248,7.744142055511475
270,bio_source_HepG2,6,0.3131657528949157,0.2745985421445389,7.641294002532959
271,bio_source_HepG2,7,0.3054477773801316,0.2755949230822917,7.667956829071045
272,bio_source_HepG2,8,0.2827554460988328,0.2694438484145412,7.668562412261963
273,bio_source_HepG2,9,0.3068267067155495,0.2804950317484505,7.738852739334106
274,bio_source_HepG2,mean,0.314987278710075,0.2742765566440105,7.673872375488282
275,bio_source_Huh-7.5,0,0.4477974522717998,0.2473106925584179,7.639254093170166
276,bio_source_Huh-7.5,1,0.5264482240122911,0.2109385662252602,7.614404201507568
277,bio_source_Huh-7.5,2,0.4353638378560687,0.2669852666882449,7.6446661949157715
278,bio_source_Huh-7.5,3,0.4655740508805819,0.233205459016751,7.652630805969238
279,bio_source_Huh-7.5,4,0.5027178461844266,0.2201638693287701,7.718878269195557
280,bio_source_Huh-7.5,5,0.4779627921974886,0.2354042393471521,7.6533284187316895
281,bio_source_Huh-7.5,6,0.4603125144874445,0.2448450742124548,7.651894807815552
282,bio_source_Huh-7.5,7,0.4698966300412336,0.2235306965710514,7.651825189590454
283,bio_source_Huh-7.5,8,0.4973866109208471,0.2261535070883185,7.754472494125366
284,bio_source_Huh-7.5,9,0.4481874190607013,0.245252177368717,7.665649652481079
285,bio_source_Huh-7.5,mean,0.4731647377912883,0.2353789548405138,7.664700412750244
286,bio_source_Huh7,0,0.3949517083607473,0.2754035316687674,7.671376705169678
287,bio_source_Huh7,1,0.442246934295419,0.2429792244532509,7.633007049560547
288,bio_source_Huh7,2,0.3554455056965093,0.316864742678139,7.769218444824219
289,bio_source_Huh7,3,0.3866250060563537,0.297005015115748,7.667505502700806
290,bio_source_Huh7,4,0.4394208638936885,0.2681796950262602,7.711876392364502
291,bio_source_Huh7,5,0.3961205698621154,0.2713426554005185,7.693341493606567
292,bio_source_Huh7,6,0.4246232510543771,0.281535848481089,7.644914865493774
293,bio_source_Huh7,7,0.3591132861933553,0.2880176201939528,7.729884624481201
294,bio_source_Huh7,8,0.3838310972032895,0.2819282928359354,7.639339923858643
295,bio_source_Huh7,9,0.3940326063455633,0.300027336678455,7.654194831848144
296,bio_source_Huh7,mean,0.3976410828961419,0.2823283962532116,7.681465983390808
297,bio_source_K562,0,0.4039571280371443,0.4509449252844333,7.683633327484131
298,bio_source_K562,1,0.4191240914039668,0.4439180221995089,7.723388433456421
299,bio_source_K562,2,0.4115469182361414,0.5011653293887537,7.650492906570435
300,bio_source_K562,3,0.4277963507007959,0.4536862886142925,7.646846294403076
301,bio_source_K562,4,0.4315748477452962,0.4485580186881387,7.6160054206848145
302,bio_source_K562,5,0.4026677549825856,0.4280900806957828,7.808250904083252
303,bio_source_K562,6,0.4525511019444691,0.4042104496006244,7.692615509033203
304,bio_source_K562,7,0.3858880065824925,0.4470703371685717,7.706912040710449
305,bio_source_K562,8,0.4330098155031195,0.4166883515616582,7.655697345733643
306,bio_source_K562,9,0.4456557687010378,0.4018948147190507,7.69447135925293
307,bio_source_K562,mean,0.421377178383705,0.4396226617920815,7.6878313541412355
308,bio_source_Kidney normal tissue,0,0.373830954470017,0.7850527993293207,7.726571559906006
309,bio_source_Kidney normal tissue,1,0.4052282269176596,0.6995238254391419,7.649214506149292
310,bio_source_Kidney normal tissue,2,0.3474939235756206,0.7970404335741027,7.646538496017456
311,bio_source_Kidney normal tissue,3,0.3933270305397128,0.753898333795317,7.655282497406006
312,bio_source_Kidney normal tissue,4,0.3848178681647796,0.8108496906929388,7.734517812728882
313,bio_source_Kidney normal tissue,5,0.3925819631191349,0.7775708624407285,7.639166116714477
314,bio_source_Kidney normal tissue,6,0.3853651021663191,0.7243313590787142,7.647018909454346
315,bio_source_Kidney normal tissue,7,0.3505850365586478,0.777507105951164,7.695947647094727
316,bio_source_Kidney normal tissue,8,0.3441801593127719,0.7674933360522634,7.751143932342529
317,bio_source_Kidney normal tissue,9,0.3847873356834428,0.7762654285556019,7.651358604431152
318,bio_source_Kidney normal tissue,mean,0.3762197600508106,0.7669533174909293,7.679676008224487
319,bio_source_LCL,0,0.5300889973376965,0.4982927281984555,7.65403151512146
320,bio_source_LCL,1,0.6058504731700135,0.4157204247343846,7.654072046279907
321,bio_source_LCL,2,0.5471398055855233,0.4955011816533997,7.755924940109253
322,bio_source_LCL,3,0.5871925524496644,0.4259805496554814,7.6762001514434814
323,bio_source_LCL,4,0.6128310954197997,0.4291012088571661,7.678770780563354
324,bio_source_LCL,5,0.5771789343227975,0.4400988344218081,7.685268402099609
325,bio_source_LCL,6,0.5765458050390548,0.4415182015449566,7.693885564804077
326,bio_source_LCL,7,0.5448990133714975,0.4475584253664671,7.73593544960022
327,bio_source_LCL,8,0.5716679049492828,0.4366282745728004,7.666479349136352
328,bio_source_LCL,9,0.5743382098005654,0.4459320612842279,7.630916357040405
329,bio_source_LCL,mean,0.5727732791445895,0.4476331890289148,7.683148455619812
330,bio_source_LuCaP-PDX,0,0.5670377919997094,0.2420164777130068,7.681986808776855
331,bio_source_LuCaP-PDX,1,0.5907945955549815,0.2198803936013582,7.73723030090332
332,bio_source_LuCaP-PDX,2,0.543519993740862,0.2541900274559857,7.667932748794556
333,bio_source_LuCaP-PDX,3,0.5946167044585962,0.2177315154371172,7.655678272247314
334,bio_source_LuCaP-PDX,4,0.6065745084469476,0.2142788326617383,7.633452892303467
335,bio_source_LuCaP-PDX,5,0.6144349943583798,0.2249097570111048,7.755263090133667
336,bio_source_LuCaP-PDX,6,0.602463901287251,0.2196528280730218,7.665146589279175
337,bio_source_LuCaP-PDX,7,0.5614954122398281,0.2198684132171676,7.674020528793335
338,bio_source_LuCaP-PDX,8,0.5831840452985619,0.2202623762787249,7.631478548049927
339,bio_source_LuCaP-PDX,9,0.5870415597893786,0.2128450929907759,7.748095750808716
340,bio_source_LuCaP-PDX,mean,0.5851163507174496,0.2245635714440001,7.685028553009033
341,bio_source_MCF10A,0,0.4541876662194704,0.2859800840884304,7.658886194229126
342,bio_source_MCF10A,1,0.5286699834565798,0.2493001711716629,7.648787021636963
343,bio_source_MCF10A,2,0.497099152010108,0.2766220837214309,7.650534629821777
344,bio_source_MCF10A,3,0.5245362845125585,0.250661260265933,7.741034269332886
345,bio_source_MCF10A,4,0.5288317388463941,0.2529026347588119,7.644240617752075
346,bio_source_MCF10A,5,0.5118064162521836,0.2577855310684085,7.65920615196228
347,bio_source_MCF10A,6,0.5278674396164911,0.2634897197688597,7.65192437171936
348,bio_source_MCF10A,7,0.4875100739413064,0.252006896105016,7.620594263076782
349,bio_source_MCF10A,8,0.4749835459905541,0.2577721648372664,7.714559078216553
350,bio_source_MCF10A,9,0.5005717752964003,0.2617080046228393,7.636005401611328
351,bio_source_MCF10A,mean,0.5036064076142047,0.2608228550408659,7.662577199935913
352,bio_source_MCF10A-ER-Src,0,0.5199121972390712,0.2233191569405725,7.665592193603516
353,bio_source_MCF10A-ER-Src,1,0.5706806249256329,0.1983595941847803,7.637233257293701
354,bio_source_MCF10A-ER-Src,2,0.50422964320021,0.2629432291003864,7.743440628051758
355,bio_source_MCF10A-ER-Src,3,0.555226909670931,0.211679521286892,7.642871141433716
356,bio_source_MCF10A-ER-Src,4,0.5782925845329538,0.1925736487962611,7.636257171630859
357,bio_source_MCF10A-ER-Src,5,0.542786914988008,0.2026172723975774,7.659379005432129
358,bio_source_MCF10A-ER-Src,6,0.5619462494518728,0.2149570520893237,7.714252233505249
359,bio_source_MCF10A-ER-Src,7,0.5214168431822503,0.2133735576551345,7.657074451446533
360,bio_source_MCF10A-ER-Src,8,0.5255866937410323,0.2388995361110629,7.651992797851562
361,bio_source_MCF10A-ER-Src,9,0.5484962633923809,0.1989353661131871,7.659970045089722
362,bio_source_MCF10A-ER-Src,mean,0.5428574924324343,0.2157657934675178,7.666806292533875
363,bio_source_MCF7,0,0.5140648478682845,0.4728322838839579,7.780540466308594
364,bio_source_MCF7,1,0.5383267944128736,0.4358294813177781,7.654829740524292
365,bio_source_MCF7,2,0.5010548542978928,0.501590985288257,7.681859254837036
366,bio_source_MCF7,3,0.5590467187220941,0.4369699660215134,7.705904483795166
367,bio_source_MCF7,4,0.5764713030525463,0.4083119558362105,7.713233709335327
368,bio_source_MCF7,5,0.5671339071457243,0.4057650996164688,7.666362524032593
369,bio_source_MCF7,6,0.5468230579044169,0.4408190035293384,7.654680013656616
370,bio_source_MCF7,7,0.4967254619847457,0.4547585087423002,7.654305934906006
371,bio_source_MCF7,8,0.5080882017584415,0.4028876603683952,7.654852390289307
372,bio_source_MCF7,9,0.5561745289315814,0.438237920624426,7.728255033493042
373,bio_source_MCF7,mean,0.5363909676078602,0.4398002865228646,7.689482355117798
374,bio_source_MD55A3,0,0.5466881019172978,0.5748891382761288,7.643007516860962
375,bio_source_MD55A3,1,0.5874446389800706,0.4919115095233738,7.63706374168396
376,bio_source_MD55A3,2,0.5665167897689309,0.57061222847363,7.68642520904541
377,bio_source_MD55A3,3,0.5786192567433308,0.5449610110229061,7.741640567779541
378,bio_source_MD55A3,4,0.5547077228675303,0.5603166978893219,7.688441038131714
379,bio_source_MD55A3,5,0.5279696074748035,0.5644210082752803,7.653034687042236
380,bio_source_MD55A3,6,0.5716210231113501,0.554876080679989,7.6806676387786865
381,bio_source_MD55A3,7,0.5761530925814912,0.537345885681591,7.791396617889404
382,bio_source_MD55A3,8,0.5357915404781681,0.5587129873076451,7.668887615203857
383,bio_source_MD55A3,9,0.5765591946104686,0.5353564948170977,7.671419858932495
384,bio_source_MD55A3,mean,0.5622070968533441,0.5493403041946964,7.686198449134826
385,bio_source_MDA-MB-231,0,0.6188437487311228,0.2356607721042364,7.639127731323242
386,bio_source_MDA-MB-231,1,0.6660053152025012,0.2085556043297997,7.743614435195923
387,bio_source_MDA-MB-231,2,0.641507386222598,0.216877339376922,7.656249523162842
388,bio_source_MDA-MB-231,3,0.6719257367120252,0.198020501201053,7.648191452026367
389,bio_source_MDA-MB-231,4,0.6785991565684384,0.1939416974452202,7.6516077518463135
390,bio_source_MDA-MB-231,5,0.6601128391329665,0.1982828906871751,7.774261474609375
391,bio_source_MDA-MB-231,6,0.6647755692825281,0.2138654741398744,7.66665244102478
392,bio_source_MDA-MB-231,7,0.6433010335935129,0.2150914837406058,7.625528812408447
393,bio_source_MDA-MB-231,8,0.6547220868696213,0.2033069012896442,7.658255100250244
394,bio_source_MDA-MB-231,9,0.6662211787000695,0.1902394417800074,7.672628402709961
395,bio_source_MDA-MB-231,mean,0.6566014051015384,0.2073842106094538,7.67361171245575
396,bio_source_MM1.S,0,0.5765626472942088,0.3726584714769265,7.653612613677978
397,bio_source_MM1.S,1,0.5962625011154382,0.341465890224032,7.64998459815979
398,bio_source_MM1.S,2,0.5823916822739875,0.3676748377719235,7.649353742599487
399,bio_source_MM1.S,3,0.6141971626865392,0.3374126420377141,7.690439224243164
400,bio_source_MM1.S,4,0.6326830912397227,0.2931274852335186,7.716387510299683
401,bio_source_MM1.S,5,0.6202200481832574,0.3127387446280028,7.673496723175049
402,bio_source_MM1.S,6,0.6353370080907845,0.3066152817878061,7.704559803009033
403,bio_source_MM1.S,7,0.5949934787771153,0.3060766298495858,7.759472370147705
404,bio_source_MM1.S,8,0.6177192164473173,0.2860960602474172,7.732770919799805
405,bio_source_MM1.S,9,0.6136179598083182,0.3274212403846359,7.647643566131592
406,bio_source_MM1.S,mean,0.608398479591669,0.3251287283641563,7.687772107124329
407,bio_source_MOLM-13,0,0.4643923677910447,0.4578468393631443,7.678241014480591
408,bio_source_MOLM-13,1,0.4800702669604123,0.4328870885065938,7.661390542984009
409,bio_source_MOLM-13,2,0.4322710827386227,0.4884500108645064,7.762872457504272
410,bio_source_MOLM-13,3,0.4858325863660194,0.4271058000611533,7.645009279251099
411,bio_source_MOLM-13,4,0.4748334925380689,0.4420363361845908,7.643182039260864
412,bio_source_MOLM-13,5,0.4585260115083063,0.452254199741443,7.654383182525635
413,bio_source_MOLM-13,6,0.4815177187252866,0.4265231954977158,7.755509853363037
414,bio_source_MOLM-13,7,0.4402274801597158,0.4441118347506481,7.645803451538086
415,bio_source_MOLM-13,8,0.4704280576210126,0.4094645048027277,7.634721040725708
416,bio_source_MOLM-13,9,0.4517691570327923,0.4470927993263853,7.649930477142334
417,bio_source_MOLM-13,mean,0.4639868221441282,0.4427772609098908,7.673104333877563
418,bio_source_Molt-3,0,0.4712979857162785,0.2442904082055492,7.747041463851929
419,bio_source_Molt-3,1,0.4840974865973656,0.2309859205764006,7.645466089248657
420,bio_source_Molt-3,2,0.4616873633819015,0.2410068314112362,7.6542809009552
421,bio_source_Molt-3,3,0.5070963971633229,0.2083806416712343,7.654060363769531
422,bio_source_Molt-3,4,0.5096920657195272,0.2041507953809615,7.7505974769592285
423,bio_source_Molt-3,5,0.4912000206901722,0.2144485134123407,7.638640642166138
424,bio_source_Molt-3,6,0.503636879207352,0.2139099142503075,7.693511247634888
425,bio_source_Molt-3,7,0.4625424052037138,0.2244037374416946,7.647733211517334
426,bio_source_Molt-3,8,0.4680827267554908,0.2147763856910516,7.769181251525879
427,bio_source_Molt-3,9,0.493622487669093,0.2112797529592497,7.68466329574585
428,bio_source_Molt-3,mean,0.4852955818104217,0.2207632901000026,7.688517594337464
429,bio_source_Mutu,0,-0.0811932741489782,0.8081725041391324,7.632113695144653
430,bio_source_Mutu,1,-0.0502474603617959,0.6949433510014854,7.616945743560791
431,bio_source_Mutu,2,0.0226250917734004,0.7231760242736204,7.748243570327759
432,bio_source_Mutu,3,0.0081636524051433,0.6807202389083563,7.654902458190918
433,bio_source_Mutu,4,0.0163762446638643,0.6650544229965568,7.62200927734375
434,bio_source_Mutu,5,-0.0051093901399157,0.7264771912607038,7.640539884567261
435,bio_source_Mutu,6,-0.1402152581853719,0.7073877937394928,7.764676570892334
436,bio_source_Mutu,7,-0.1040414525974886,0.7520443549295989,7.6785829067230225
437,bio_source_Mutu,8,0.020527900855373,0.697986893292136,7.676162958145142
438,bio_source_Mutu,9,-0.0157555937627114,0.703557277700984,7.6417763233184814
439,bio_source_Mutu,mean,-0.032886953949848,0.7159520052242068,7.667595338821411
440,bio_source_OSCC,0,0.605615749917199,0.5875742956274613,7.76767373085022
441,bio_source_OSCC,1,0.6376197899029485,0.5682219649991591,7.643261671066284
442,bio_source_OSCC,2,0.5978807189271133,0.6549895711543001,7.666253089904785
443,bio_source_OSCC,3,0.6546421729000864,0.5738948545003074,7.778574705123901
444,bio_source_OSCC,4,0.6420057988410355,0.5500969865257538,7.897753477096558
445,bio_source_OSCC,5,0.6322106106903089,0.6046548729295388,7.794057846069336
446,bio_source_OSCC,6,0.6288148846041547,0.6015891252870825,7.7899329662323
447,bio_source_OSCC,7,0.6171273235804008,0.5828362181715827,7.826826095581055
448,bio_source_OSCC,8,0.6255337953287952,0.5866723498470501,7.893752574920654
449,bio_source_OSCC,9,0.625683266664669,0.6059520462088901,7.787911891937256
450,bio_source_OSCC,mean,0.6267134111356711,0.5916482285251126,7.784599804878235
451,bio_source_PANC1,0,0.0852097508243838,0.9811458556958078,7.77004599571228
452,bio_source_PANC1,1,0.0676164157787454,0.9456525505843392,7.760149002075195
453,bio_source_PANC1,2,0.1012936559179178,1.0067652914815055,7.86691689491272
454,bio_source_PANC1,3,0.1438480982066886,0.9918172429574064,7.799486398696899
455,bio_source_PANC1,4,0.2161374091023908,0.8525514927784377,7.765672922134399
456,bio_source_PANC1,5,0.1531578139633668,0.951619353488057,7.7880659103393555
457,bio_source_PANC1,6,0.1028362421059655,0.9543113015625008,7.89394736289978
458,bio_source_PANC1,7,0.0989811023103499,0.8657947382690804,7.783549547195435
459,bio_source_PANC1,8,0.1252185999155166,0.8932082159037315,7.792285919189453
460,bio_source_PANC1,9,0.1211633254123117,1.0091076899235614,7.774215936660767
461,bio_source_PANC1,mean,0.1215462413537637,0.945197373264443,7.799433588981628
462,bio_source_PATU-8902,0,0.5068053067261186,0.4885396321449677,7.868210792541504
463,bio_source_PATU-8902,1,0.5393007967767323,0.4438312523516671,7.707680225372314
464,bio_source_PATU-8902,2,0.480024882593921,0.4799543075443236,7.689447402954102
465,bio_source_PATU-8902,3,0.4922961083253847,0.4681308974311584,7.715248107910156
466,bio_source_PATU-8902,4,0.4992387470141015,0.4494041959505293,7.807913064956665
467,bio_source_PATU-8902,5,0.4801025275668987,0.4851545799978427,7.698537349700928
468,bio_source_PATU-8902,6,0.5145733049596009,0.4467113202087999,7.7226948738098145
469,bio_source_PATU-8902,7,0.4145919493124629,0.5269108299696859,7.778037786483765
470,bio_source_PATU-8902,8,0.5036795956738236,0.4611606364727877,7.846679925918579
471,bio_source_PATU-8902,9,0.4997281203798726,0.410407170121296,7.770580768585205
472,bio_source_PATU-8902,mean,0.4930341339328915,0.4660204822193058,7.760503029823303
473,bio_source_PC3,0,0.5004957153433274,0.265910352699048,7.705776691436768
474,bio_source_PC3,1,0.5307103385715135,0.2255213989882815,7.698654413223267
475,bio_source_PC3,2,0.4644209472766332,0.3020625922056908,7.868163347244263
476,bio_source_PC3,3,0.5144751317921417,0.2439650516232064,7.736709356307983
477,bio_source_PC3,4,0.5071228809680938,0.2447863683546065,7.678030729293823
478,bio_source_PC3,5,0.4877202053040357,0.2375546563779925,7.730710983276367
479,bio_source_PC3,6,0.5064780543663563,0.2412704014212441,7.820810556411743
480,bio_source_PC3,7,0.5060946369922015,0.2452739585584939,7.725372552871704
481,bio_source_PC3,8,0.4699714218488278,0.2724882052817757,7.729690790176392
482,bio_source_PC3,9,0.5120049590245621,0.2307441510249548,7.696791172027588
483,bio_source_PC3,mean,0.4999494291487693,0.2509577136535294,7.73907105922699
484,bio_source_PC9,0,0.516392127971845,0.4210023168184187,7.813128232955933
485,bio_source_PC9,1,0.592150861544469,0.3791435113770077,7.7663609981536865
486,bio_source_PC9,2,0.5035119938343025,0.496068641955042,7.721112966537476
487,bio_source_PC9,3,0.6052726561088011,0.3662154720739695,7.675442695617676
488,bio_source_PC9,4,0.6018883488105204,0.3582838377992652,7.88917350769043
489,bio_source_PC9,5,0.5941068518335322,0.3445584870771692,7.787336111068726
490,bio_source_PC9,6,0.5776677346876047,0.3800357928333462,7.707654714584351
491,bio_source_PC9,7,0.5602181632621177,0.3635528642977398,7.658797979354858
492,bio_source_PC9,8,0.5234923394970672,0.4233542363294904,7.756022930145264
493,bio_source_PC9,9,0.546294915954296,0.3953227552573682,7.641914129257202
494,bio_source_PC9,mean,0.5620995993504556,0.3927537915818817,7.74169442653656
495,bio_source_Primary CD4+ T-cells,0,0.375034847837389,0.4007081054432874,7.695136785507202
496,bio_source_Primary CD4+ T-cells,1,0.4248823266631197,0.3499603932001886,7.650540590286255
497,bio_source_Primary CD4+ T-cells,2,0.3903988966615197,0.4451613262068872,7.785427570343018
498,bio_source_Primary CD4+ T-cells,3,0.4324912206262743,0.3691802103555373,7.690078258514404
499,bio_source_Primary CD4+ T-cells,4,0.4211086778624013,0.3775884568936564,7.63953971862793
500,bio_source_Primary CD4+ T-cells,5,0.4174687407431318,0.3527011137485588,7.658533334732056
501,bio_source_Primary CD4+ T-cells,6,0.4353053406905566,0.3512504140733661,7.750823497772217
502,bio_source_Primary CD4+ T-cells,7,0.3656984458257974,0.3912801780724911,7.634385347366333
503,bio_source_Primary CD4+ T-cells,8,0.3976854607117451,0.3691326439790181,7.652466058731079
504,bio_source_Primary CD4+ T-cells,9,0.4417203011779723,0.3222734463034892,7.663398027420044
505,bio_source_Primary CD4+ T-cells,mean,0.4101794258799908,0.372923628827648,7.682032918930053
506,bio_source_Primary human bronchial epithelial cells,0,0.2555452547492611,0.4034457890917373,7.75204062461853
507,bio_source_Primary human bronchial epithelial cells,1,0.3064904231867122,0.3340825907194045,7.635961294174194
508,bio_source_Primary human bronchial epithelial cells,2,0.2422938929015321,0.3769343886636833,7.666356563568115
509,bio_source_Primary human bronchial epithelial cells,3,0.3006081696262397,0.3587448679892439,7.61748743057251
510,bio_source_Primary human bronchial epithelial cells,4,0.314090964599842,0.3369628542064165,7.723966121673584
511,bio_source_Primary human bronchial epithelial cells,5,0.328172592268266,0.3765139903145951,7.63897180557251
512,bio_source_Primary human bronchial epithelial cells,6,0.3208150327455206,0.3027902855208625,7.667689561843872
513,bio_source_Primary human bronchial epithelial cells,7,0.290218725640447,0.3256836720044324,7.7026047706604
514,bio_source_Primary human bronchial epithelial cells,8,0.2595833943199925,0.3213939623440117,7.746545791625977
515,bio_source_Primary human bronchial epithelial cells,9,0.2451628484091027,0.3750645498832022,7.632233381271362
516,bio_source_Primary human bronchial epithelial cells,mean,0.2862981298446916,0.3511616950737589,7.6783857345581055
517,bio_source_RD-CCL-136,0,0.4122451832193312,0.2331923104373308,7.6641669273376465
518,bio_source_RD-CCL-136,1,0.4864097345242041,0.2006173542043534,7.645706415176392
519,bio_source_RD-CCL-136,2,0.448374380907784,0.2391170929259438,7.733842849731445
520,bio_source_RD-CCL-136,3,0.4779445164077061,0.1993872019814576,7.626333713531494
521,bio_source_RD-CCL-136,4,0.4960930462818522,0.1957521800781952,7.652001619338989
522,bio_source_RD-CCL-136,5,0.4776080155385165,0.1991989688256875,7.651193857192993
523,bio_source_RD-CCL-136,6,0.4466668372369173,0.2301751737914984,7.722091197967529
524,bio_source_RD-CCL-136,7,0.4269793790665007,0.2305897566744106,7.662816286087036
525,bio_source_RD-CCL-136,8,0.442615825224131,0.2250957344923064,7.650763750076294
526,bio_source_RD-CCL-136,9,0.4621825952438608,0.2104022712367504,7.618553400039673
527,bio_source_RD-CCL-136,mean,0.4577119513650804,0.2163528044647934,7.662747001647949
528,bio_source_RPE-1,0,0.447986479615636,0.3203827075381126,7.773590087890625
529,bio_source_RPE-1,1,0.4794393368371722,0.3131831394663227,7.64129114151001
530,bio_source_RPE-1,2,0.4577139748282021,0.3188989709651775,7.65501856803894
531,bio_source_RPE-1,3,0.5065750693512934,0.2929610713739887,7.727205514907837
532,bio_source_RPE-1,4,0.5107758912102471,0.2882529907340553,7.696874380111694
533,bio_source_RPE-1,5,0.466220233750268,0.297717864248738,7.703199148178101
534,bio_source_RPE-1,6,0.4966203629558813,0.3167565259347311,7.720015287399292
535,bio_source_RPE-1,7,0.4746179652640043,0.3040974287517615,7.830986499786377
536,bio_source_RPE-1,8,0.4551471543193179,0.3149676445517191,7.6723480224609375
537,bio_source_RPE-1,9,0.4798331324875337,0.2985159602804865,7.673658847808838
538,bio_source_RPE-1,mean,0.4774929600619557,0.3065734303845093,7.709418749809265
539,bio_source_SH-SY5Y,0,0.4129071655767484,0.4533775913308938,7.679064989089966
540,bio_source_SH-SY5Y,1,0.4105740949323094,0.4658371432183087,7.743385314941406
541,bio_source_SH-SY5Y,2,0.4123359737859025,0.505841001968208,7.646824836730957
542,bio_source_SH-SY5Y,3,0.4045826677531903,0.4735193039533024,7.648424863815308
543,bio_source_SH-SY5Y,4,0.4311142103784875,0.4368822927552853,7.645951509475708
544,bio_source_SH-SY5Y,5,0.4077294298894174,0.4583966377442775,7.754005193710327
545,bio_source_SH-SY5Y,6,0.4158146153265508,0.4683072385190832,7.665546417236328
546,bio_source_SH-SY5Y,7,0.3880592086383817,0.4725135736916401,7.642251253128052
547,bio_source_SH-SY5Y,8,0.3719020656128364,0.4655336718454854,7.667654275894165
548,bio_source_SH-SY5Y,9,0.4078591778731019,0.4480103536430616,7.753065586090088
549,bio_source_SH-SY5Y,mean,0.4062878609766926,0.4648218808669546,7.684617424011231
550,bio_source_SUM159PT,0,0.6800249459548192,0.3040605099819277,7.6628851890563965
551,bio_source_SUM159PT,1,0.677286282452828,0.3100933101409441,7.643840551376343
552,bio_source_SUM159PT,2,0.640076567820868,0.3472035921976619,7.675058841705322
553,bio_source_SUM159PT,3,0.6668650667206537,0.3248847881353917,7.740353107452393
554,bio_source_SUM159PT,4,0.6666060413875861,0.312894518303314,7.645349740982056
555,bio_source_SUM159PT,5,0.6795452630133166,0.2848342444344302,7.683134317398071
556,bio_source_SUM159PT,6,0.6679243478296186,0.3185615089897823,7.653595209121704
557,bio_source_SUM159PT,7,0.64200250798868,0.3500421382472624,7.720361948013306
558,bio_source_SUM159PT,8,0.6921543090226573,0.2807198894821837,7.664957523345947
559,bio_source_SUM159PT,9,0.6768074769782402,0.3136353731901439,7.652867555618286
560,bio_source_SUM159PT,mean,0.6689292809169268,0.3146929873103042,7.674240398406982
561,bio_source_SW480TetOnAPC,0,0.4824120839312145,0.3252074326382611,7.733790397644043
562,bio_source_SW480TetOnAPC,1,0.5018365536718725,0.3263474320299007,7.615002393722534
563,bio_source_SW480TetOnAPC,2,0.4852061152415108,0.3546337579129146,7.640060424804687
564,bio_source_SW480TetOnAPC,3,0.4840216969137685,0.3461093186648158,7.617992639541626
565,bio_source_SW480TetOnAPC,4,0.5286160841188404,0.3132405359369497,7.749171018600464
566,bio_source_SW480TetOnAPC,5,0.5369310264874152,0.3228878759221946,7.658282995223999
567,bio_source_SW480TetOnAPC,6,0.5005592501703383,0.3346261112463516,7.692242622375488
568,bio_source_SW480TetOnAPC,7,0.4704126188493606,0.3212427438000398,7.651963949203491
569,bio_source_SW480TetOnAPC,8,0.5119158636321571,0.3101818354606355,7.755849599838257
570,bio_source_SW480TetOnAPC,9,0.5196942474182085,0.3305394265924238,7.651808023452759
571,bio_source_SW480TetOnAPC,mean,0.5021605540434686,0.3285016470204487,7.6766164064407345
572,bio_source_T47D,0,0.6395972779433816,0.3249921181225896,7.640260457992554
573,bio_source_T47D,1,0.6650015617226555,0.3020607270426764,7.575252056121826
574,bio_source_T47D,2,0.6374177982671096,0.3262450163420441,7.666825532913208
575,bio_source_T47D,3,0.6674317837753514,0.2992393572235862,7.572020292282104
576,bio_source_T47D,4,0.671807501558578,0.2759943868021782,7.578010082244873
577,bio_source_T47D,5,0.6674111942446428,0.278163373505794,7.626922607421875
578,bio_source_T47D,6,0.6961095003756439,0.2566291539563913,7.626446485519409
579,bio_source_T47D,7,0.652259388506244,0.2970933980911818,7.572418451309204
580,bio_source_T47D,8,0.6794673881452209,0.2642039116208851,7.604257345199585
581,bio_source_T47D,9,0.6792169845082879,0.2747997758365896,7.750033378601074
582,bio_source_T47D,mean,0.6655720379047115,0.2899421218543916,7.621244668960571
583,bio_source_THP-1,0,0.3320270033209107,0.8690916323248068,7.575438976287842
584,bio_source_THP-1,1,0.3513689153947794,0.8701391834445557,7.631144046783447
585,bio_source_THP-1,2,0.3052424385918015,0.9535548786804156,7.621587991714477
586,bio_source_THP-1,3,0.2680807112764979,0.8679858642971648,7.809008836746216
587,bio_source_THP-1,4,0.2947945741291429,0.8848860563806643,7.662909507751465
588,bio_source_THP-1,5,0.3133136550099507,0.9242290701924908,7.717790126800537
589,bio_source_THP-1,6,0.3336234145268376,0.8650852306396729,7.695649147033691
590,bio_source_THP-1,7,0.3051940270205087,0.8280745723139502,7.678849697113037
591,bio_source_THP-1,8,0.3409610719379751,0.8502285735808852,7.604754209518433
592,bio_source_THP-1,9,0.3278038795339557,0.9017319873536104,7.590561628341675
593,bio_source_THP-1,mean,0.317240969074236,0.8815007049208218,7.658769416809082
594,bio_source_U-251,0,0.5139425520799301,0.4840223892358566,7.585490942001343
595,bio_source_U-251,1,0.5534149263905823,0.4807332318814878,7.639998912811279
596,bio_source_U-251,2,0.5343343555732986,0.4979455172933604,7.576692819595337
597,bio_source_U-251,3,0.5778914499800665,0.4389482520978674,7.571764945983887
598,bio_source_U-251,4,0.5644297703294319,0.4711540637789501,7.681177616119385
599,bio_source_U-251,5,0.5624035560979371,0.4444303276609066,7.627424478530884
600,bio_source_U-251,6,0.5867954988484771,0.4393813315858337,7.593773603439331
601,bio_source_U-251,7,0.5470760492269652,0.4370329361952773,7.590356588363647
602,bio_source_U-251,8,0.506072040337876,0.4364498510906057,7.666509389877319
603,bio_source_U-251,9,0.5727594496973939,0.4226497279406231,7.585854530334473
604,bio_source_U-251,mean,0.5519119648561958,0.4552747628760769,7.611904382705688
605,bio_source_U-343,0,0.5026153664893271,0.4728110456478815,7.593398332595825
606,bio_source_U-343,1,0.5744211217061623,0.4358730877902985,7.556917905807495
607,bio_source_U-343,2,0.5386524417254488,0.475126285517713,7.584867715835571
608,bio_source_U-343,3,0.5599444441920536,0.4489774823946171,7.566321849822998
609,bio_source_U-343,4,0.5708845136252572,0.4498910311738511,7.564432621002197
610,bio_source_U-343,5,0.5574284465999881,0.4459952687154501,7.6974241733551025
611,bio_source_U-343,6,0.5766712788125767,0.4661510105792727,7.6040198802948
612,bio_source_U-343,7,0.5350885192847794,0.4315435726830089,7.587987899780273
613,bio_source_U-343,8,0.5413140493593972,0.4062472267515357,7.580469846725464
614,bio_source_U-343,9,0.5495394986227452,0.4583176728934237,7.639479875564575
615,bio_source_U-343,mean,0.5506559680417735,0.4490933684147052,7.59753201007843
616,bio_source_U2392,0,0.0501879397738673,0.7300012287946662,7.560448408126831
617,bio_source_U2392,1,0.1060645604154473,0.6379439110372853,7.564066171646118
618,bio_source_U2392,2,0.1516072470348483,0.6766092756156892,7.587657451629639
619,bio_source_U2392,3,0.0749060501010736,0.6955529343022622,7.671720266342163
620,bio_source_U2392,4,0.1616163589622858,0.6676079305209459,7.5572099685668945
621,bio_source_U2392,5,0.1364375467880708,0.6854736473334877,7.58701229095459
622,bio_source_U2392,6,0.0519829183853174,0.6447553715083977,7.612054824829102
623,bio_source_U2392,7,0.0224497513686584,0.6723111897181064,7.666845798492432
624,bio_source_U2392,8,0.127342498792507,0.6419431994447629,7.573086500167847
625,bio_source_U2392,9,0.1343792952740806,0.6523797191608952,7.528087377548218
626,bio_source_U2392,mean,0.1016974166896157,0.6704578407436498,7.590818905830384
627,bio_source_U2OS,0,0.4800810801141263,0.3896387640923814,7.604491233825684
628,bio_source_U2OS,1,0.5333118356088654,0.3431412954753945,7.652360200881958
629,bio_source_U2OS,2,0.5012919305023712,0.383230245050582,7.656222581863403
630,bio_source_U2OS,3,0.5078849100747941,0.3789982757464519,7.632412672042847
631,bio_source_U2OS,4,0.5457009591324182,0.3712192067443777,7.68664288520813
632,bio_source_U2OS,5,0.5239306233656809,0.3785895820528168,7.594754457473755
633,bio_source_U2OS,6,0.5363544967791681,0.3650773462785242,7.601282835006714
634,bio_source_U2OS,7,0.5053315097465412,0.353192470717713,7.578655958175659
635,bio_source_U2OS,8,0.5119690638730241,0.3730643466686486,7.656415224075317
636,bio_source_U2OS,9,0.5271365550629497,0.3647165802127363,7.611181974411011
637,bio_source_U2OS,mean,0.5172992964259939,0.3700868113039627,7.627442002296448
638,bio_source_Vero 6,0,0.5478628362023488,0.1635911127361817,7.595163822174072
639,bio_source_Vero 6,1,0.5803372397206414,0.1447916989748101,7.577285528182983
640,bio_source_Vero 6,2,0.5303663817978579,0.1818598109873939,7.664662599563599
641,bio_source_Vero 6,3,0.5783786921458959,0.1593524709449549,7.593397855758667
642,bio_source_Vero 6,4,0.5723893684861645,0.1424527957926796,7.561094045639038
643,bio_source_Vero 6,5,0.5935476340951893,0.1483097216752277,7.591655015945435
644,bio_source_Vero 6,6,0.5727023330984355,0.1526393006397784,7.589771747589111
645,bio_source_Vero 6,7,0.5403166180565008,0.1553643343960562,7.6430394649505615
646,bio_source_Vero 6,8,0.5848828214017754,0.1449114880041137,7.669725656509399
647,bio_source_Vero 6,9,0.5927937481601226,0.1502746675837347,7.764883995056152
648,bio_source_Vero 6,mean,0.5693577673164932,0.1543547401734931,7.625067973136902
649,bio_source_WI38,0,0.5131840614612835,0.3209562849825509,7.670640468597412
650,bio_source_WI38,1,0.5585635816003969,0.2909138351083536,7.583307981491089
651,bio_source_WI38,2,0.5172592342593195,0.3703111235183292,7.61064863204956
652,bio_source_WI38,3,0.5506940091788304,0.3121791929725597,7.691667079925537
653,bio_source_WI38,4,0.5649053990323933,0.3092110701371512,7.630053520202637
654,bio_source_WI38,5,0.5491318756939509,0.3007692736846117,7.612853527069092
655,bio_source_WI38,6,0.5553390194281709,0.3103834528740865,7.622533321380615
656,bio_source_WI38,7,0.5460924039268948,0.2963916121135379,7.779515027999878
657,bio_source_WI38,8,0.557506185273002,0.2955423618411068,7.620283842086792
658,bio_source_WI38,9,0.5135413563594504,0.3214710188022595,7.618146896362305
659,bio_source_WI38,mean,0.5426217126213693,0.3128129226034547,7.643965029716492
660,bio_source_WM902B,0,0.3975218058186458,0.4436270008482806,7.67181134223938
661,bio_source_WM902B,1,0.4536019721668953,0.4015184855861493,7.698119640350342
662,bio_source_WM902B,2,0.4081834007106117,0.4404673209342075,7.601010322570801
663,bio_source_WM902B,3,0.45382400810539,0.3908827336239832,7.599374294281006
664,bio_source_WM902B,4,0.47626154168498,0.352751016848477,7.667639970779419
665,bio_source_WM902B,5,0.4325901268899821,0.3894450409420817,7.601464748382568
666,bio_source_WM902B,6,0.4658115659247559,0.3912422306324656,7.59301495552063
667,bio_source_WM902B,7,0.4474082003846082,0.3883570918538984,7.63982081413269
668,bio_source_WM902B,8,0.4232689025595282,0.4276987435181191,7.77344012260437
669,bio_source_WM902B,9,0.4690655560293789,0.3732910711283754,7.672672748565674
670,bio_source_WM902B,mean,0.4427537080274776,0.3999280735916037,7.651836895942688
671,bio_source_WTC-11,0,0.4657377470039133,0.2705435091024336,7.6426520347595215
672,bio_source_WTC-11,1,0.5061810532977762,0.2349233635909707,7.590737581253052
673,bio_source_WTC-11,2,0.4570756822396524,0.2835377101394254,7.593738555908203
674,bio_source_WTC-11,3,0.4781929970904622,0.2510402191960592,7.678776025772095
675,bio_source_WTC-11,4,0.4990684540853395,0.2358311179530269,7.629770994186401
676,bio_source_WTC-11,5,0.4898919227009004,0.2463020206882179,7.683861017227173
677,bio_source_WTC-11,6,0.4907792149694804,0.251343364679839,7.594374418258667
678,bio_source_WTC-11,7,0.4782558828693142,0.2395721523427906,7.563526153564453
679,bio_source_WTC-11,8,0.4959981727358437,0.2357528472040126,7.570387840270996
680,bio_source_WTC-11,9,0.5065943989512426,0.2234870279914886,7.662752389907837
681,bio_source_WTC-11,mean,0.4867775525943925,0.2472333332888265,7.62105770111084
682,bio_source_ZR75-1,0,0.4967649003436497,0.2981643872204536,7.595329761505127
683,bio_source_ZR75-1,1,0.586593708202361,0.2409804984852251,7.584603071212768
684,bio_source_ZR75-1,2,0.5151105681449969,0.329641027489342,7.644429683685303
685,bio_source_ZR75-1,3,0.5641071454500686,0.2630951494765262,7.616537570953369
686,bio_source_ZR75-1,4,0.5393447912570923,0.2749977168973971,7.602200984954834
687,bio_source_ZR75-1,5,0.5994264407917947,0.2427629519303965,7.627826690673828
688,bio_source_ZR75-1,6,0.5735338071765206,0.2738471065007596,7.674246549606323
689,bio_source_ZR75-1,7,0.5357446267610868,0.2700311894225105,7.607580184936523
690,bio_source_ZR75-1,8,0.5521613506136946,0.2402741164722613,7.58840537071228
691,bio_source_ZR75-1,9,0.5595989032364092,0.2643561842336468,7.611191749572754
692,bio_source_ZR75-1,mean,0.5522386241977675,0.2698150328128519,7.615235161781311
693,bio_source_cardiac fibroblasts,0,0.4665506705005326,0.5416092572713228,7.719102382659912
694,bio_source_cardiac fibroblasts,1,0.459923132193834,0.5809114116880868,7.591468095779419
695,bio_source_cardiac fibroblasts,2,0.4554866147355586,0.5700711558370019,7.629664659500122
696,bio_source_cardiac fibroblasts,3,0.4498104592059478,0.57609844826631,7.693045139312744
697,bio_source_cardiac fibroblasts,4,0.4970572773861624,0.5771310519581985,7.62869668006897
698,bio_source_cardiac fibroblasts,5,0.4490229731317412,0.555016862959013,7.612057209014893
699,bio_source_cardiac fibroblasts,6,0.4639548201459449,0.5355573213709502,7.683421611785889
700,bio_source_cardiac fibroblasts,7,0.4672378773997427,0.493326437572144,7.710753202438354
701,bio_source_cardiac fibroblasts,8,0.4568336681639215,0.5354972611837405,7.706877470016479
702,bio_source_cardiac fibroblasts,9,0.4287870583526185,0.5862798758825125,7.721895694732666
703,bio_source_cardiac fibroblasts,mean,0.4594664551216004,0.555149908398928,7.669698214530944
704,bio_source_ccRCC,0,0.4447955618550359,0.4487552268230976,7.656802892684936
705,bio_source_ccRCC,1,0.5041522310145901,0.3853129703698438,7.7237138748168945
706,bio_source_ccRCC,2,0.4547024540165209,0.4214211072453467,7.735337495803833
707,bio_source_ccRCC,3,0.4814659851722054,0.4043278227046002,7.701808929443359
708,bio_source_ccRCC,4,0.4881359740091445,0.4305117095971571,7.760676145553589
709,bio_source_ccRCC,5,0.4721828807380839,0.4411962278871106,7.64710259437561
710,bio_source_ccRCC,6,0.4932914073806275,0.4046031886546095,7.708794116973877
711,bio_source_ccRCC,7,0.4323577418517815,0.4068048676101844,7.586584568023682
712,bio_source_ccRCC,8,0.4463559237867451,0.4203032568937342,7.676594972610474
713,bio_source_ccRCC,9,0.4876235354780402,0.405673263228513,7.551645994186401
714,bio_source_ccRCC,mean,0.4705063695302774,0.4168909641014197,7.674906158447266
715,bio_source_early neurons,0,0.4807507191516451,0.2610314631184215,7.5449302196502686
716,bio_source_early neurons,1,0.5140829179553249,0.2525334901438436,7.701051235198975
717,bio_source_early neurons,2,0.4583412107881679,0.280943161727868,7.559528589248657
718,bio_source_early neurons,3,0.4979542365254792,0.2474802592418549,7.527132511138916
719,bio_source_early neurons,4,0.5042928964124284,0.2699107103053296,7.561797142028809
720,bio_source_early neurons,5,0.5070012457717461,0.2637672363777073,7.6936936378479
721,bio_source_early neurons,6,0.4955261038323171,0.2612648035099382,7.581685066223144
722,bio_source_early neurons,7,0.4863987642905042,0.2408392275004507,7.560440063476562
723,bio_source_early neurons,8,0.464089577349734,0.2686630229928963,7.557773590087891
724,bio_source_early neurons,9,0.53493801918746,0.23681340350591,7.541430473327637
725,bio_source_early neurons,mean,0.4943375691264806,0.258324677842422,7.582946252822876
726,bio_source_fibroblast,0,0.4037265408312299,0.3348099915298209,7.552343130111694
727,bio_source_fibroblast,1,0.4656198500774996,0.3069685547713213,7.564983606338501
728,bio_source_fibroblast,2,0.4245300911042049,0.3332664467486211,7.676964282989502
729,bio_source_fibroblast,3,0.4564141111719781,0.3140717283228514,7.607215642929077
730,bio_source_fibroblast,4,0.4934617993101496,0.2999217745294346,7.611752510070801
731,bio_source_fibroblast,5,0.4754190004610669,0.3160408944544225,7.569928169250488
732,bio_source_fibroblast,6,0.4219610614414505,0.3397958804650516,7.623760938644409
733,bio_source_fibroblast,7,0.412337538364384,0.3092810073112182,7.639526844024658
734,bio_source_fibroblast,8,0.4623261988453881,0.3116819295914865,7.652621746063232
735,bio_source_fibroblast,9,0.4600518231695929,0.3089445645162162,7.716242790222168
736,bio_source_fibroblast,mean,0.4475848014776945,0.3174782772240444,7.621533966064453
737,bio_source_hESC,0,0.5063938151251928,0.2782773742947216,7.567639112472534
738,bio_source_hESC,1,0.5291057261050665,0.265841418422421,7.555613994598389
739,bio_source_hESC,2,0.4740961701481562,0.3149966140441538,7.594316720962524
740,bio_source_hESC,3,0.5076799383749242,0.2810083882925921,7.580390691757202
741,bio_source_hESC,4,0.5457399123640077,0.2773585095430806,7.586107492446899
742,bio_source_hESC,5,0.5435678177444884,0.2893948165470043,7.670376300811768
743,bio_source_hESC,6,0.5176570865369368,0.2804846550007296,7.69944429397583
744,bio_source_hESC,7,0.4982879905704251,0.2712885204931319,7.674584150314331
745,bio_source_hESC,8,0.5006474534187872,0.2937048883233104,7.574572801589966
746,bio_source_hESC,9,0.5159423926297007,0.2852856975518286,7.574837923049927
747,bio_source_hESC,mean,0.5139118303017686,0.2837640882512974,7.607788348197937
748,bio_source_human brain tumor,0,0.4202834662550725,0.6327063170413575,7.568386554718018
749,bio_source_human brain tumor,1,0.4102725178521523,0.6351141266805459,7.577430486679077
750,bio_source_human brain tumor,2,0.3492285311869217,0.7569462773805555,7.5955445766448975
751,bio_source_human brain tumor,3,0.3582536270714809,0.6547086752780454,7.645222902297974
752,bio_source_human brain tumor,4,0.4141102538474054,0.647022112406343,7.595618009567261
753,bio_source_human brain tumor,5,0.3787581102065361,0.6217699045507514,7.578307151794434
754,bio_source_human brain tumor,6,0.3770433641513132,0.6484229125307058,7.565783739089966
755,bio_source_human brain tumor,7,0.3976284384333325,0.6387129438525594,7.644028425216675
756,bio_source_human brain tumor,8,0.4098925956684286,0.5672688691857987,7.567691564559936
757,bio_source_human brain tumor,9,0.4201883937226337,0.5630900933240405,7.565540790557861
758,bio_source_human brain tumor,mean,0.3935659298395276,0.6365762232230704,7.59035542011261
759,bio_source_iPSC-differentiated dopamine neurons,0,0.3868220247169059,0.4219289157649911,7.662339210510254
760,bio_source_iPSC-differentiated dopamine neurons,1,0.4172087948134819,0.3703383058894779,7.589837551116943
761,bio_source_iPSC-differentiated dopamine neurons,2,0.4020722374692423,0.4348132318726012,7.575948238372803
762,bio_source_iPSC-differentiated dopamine neurons,3,0.4165226050835217,0.3946661116299406,7.572905540466309
763,bio_source_iPSC-differentiated dopamine neurons,4,0.4601828013020087,0.4021430047667107,7.61590051651001
764,bio_source_iPSC-differentiated dopamine neurons,5,0.4069888541381605,0.4254523084798187,7.584985733032227
765,bio_source_iPSC-differentiated dopamine neurons,6,0.3972917843788544,0.4274165098082607,7.590553760528564
766,bio_source_iPSC-differentiated dopamine neurons,7,0.3452083195131294,0.4181185667853838,7.7125303745269775
767,bio_source_iPSC-differentiated dopamine neurons,8,0.3897365629812573,0.4212512024560804,7.6030662059783936
768,bio_source_iPSC-differentiated dopamine neurons,9,0.4002995906947403,0.416639449690497,7.630264520645142
769,bio_source_iPSC-differentiated dopamine neurons,mean,0.4022333575091303,0.4132767607143762,7.613833165168762
770,bio_source_megakaryocytes,0,0.535817518336447,0.460137412440998,7.576987981796265
771,bio_source_megakaryocytes,1,0.5395621159446327,0.4182335774137329,7.583967924118042
772,bio_source_megakaryocytes,2,0.5048367828221563,0.5065251186770184,7.6383960247039795
773,bio_source_megakaryocytes,3,0.5452429129006817,0.4357743298606572,7.562123537063599
774,bio_source_megakaryocytes,4,0.5470725855218308,0.4713239918069574,7.718157529830933
775,bio_source_megakaryocytes,5,0.5439551202632946,0.4245069818189731,7.726893186569214
776,bio_source_megakaryocytes,6,0.5745739929032078,0.4393764664515798,7.594210863113403
777,bio_source_megakaryocytes,7,0.5203976525790506,0.4385522116026737,7.693918228149414
778,bio_source_megakaryocytes,8,0.5560960790460119,0.4110826364795286,7.611148357391357
779,bio_source_megakaryocytes,9,0.5271080702941668,0.4181767979390692,7.591091871261597
780,bio_source_megakaryocytes,mean,0.5394662830611481,0.4423689524491189,7.62968955039978
781,bio_source_muscle tissue,0,0.2905847159199858,0.6995114959940723,7.577825307846069
782,bio_source_muscle tissue,1,0.3090199661622045,0.6734562528038506,7.553256511688232
783,bio_source_muscle tissue,2,0.2384960484480425,0.7618814876685084,7.586176156997681
784,bio_source_muscle tissue,3,0.243157605995837,0.7521610597203526,7.556764125823975
785,bio_source_muscle tissue,4,0.2473234051291739,0.6916431413563522,7.638623476028442
786,bio_source_muscle tissue,5,0.2554150086925375,0.7185005204094084,7.581162691116333
787,bio_source_muscle tissue,6,0.2934089789805093,0.6436030480370728,7.578701019287109
788,bio_source_muscle tissue,7,0.2319753911567326,0.6743340261800055,7.667527675628662
789,bio_source_muscle tissue,8,0.2676902632385116,0.700872883989814,7.556949138641357
790,bio_source_muscle tissue,9,0.264670371195955,0.7628948580682342,7.569541931152344
791,bio_source_muscle tissue,mean,0.264174175491949,0.7078858774227672,7.58665280342102
792,bio_source_neuronal precursor cells,0,0.495575621425574,0.2708526395667391,7.585474252700806
793,bio_source_neuronal precursor cells,1,0.541369698829766,0.2428508820183781,7.586225271224976
794,bio_source_neuronal precursor cells,2,0.4652038378784007,0.3134530573556714,7.554163932800293
795,bio_source_neuronal precursor cells,3,0.5276666640700792,0.2485840552081334,7.57973837852478
796,bio_source_neuronal precursor cells,4,0.5349804217611966,0.269838140768076,7.661112308502197
797,bio_source_neuronal precursor cells,5,0.5529882225570133,0.2612518100688877,7.56121563911438
798,bio_source_neuronal precursor cells,6,0.518888991801985,0.2563831070199087,7.597537517547607
799,bio_source_neuronal precursor cells,7,0.4973525093216745,0.2450156172996411,7.662901163101196
800,bio_source_neuronal precursor cells,8,0.4884063257577218,0.2653924735410618,7.589108943939209
801,bio_source_neuronal precursor cells,9,0.5400891635744829,0.2475784582668881,7.5575854778289795
802,bio_source_neuronal precursor cells,mean,0.5162521456977893,0.2621200241113386,7.593506288528443
803,bio_source_neurons,0,0.5329624309483646,0.28327586483937,7.570685863494873
804,bio_source_neurons,1,0.5513296000949837,0.2863907335115369,7.56574273109436
805,bio_source_neurons,2,0.4948813960473225,0.314696935184003,7.590076684951782
806,bio_source_neurons,3,0.5527555792229825,0.2667361486166007,7.563544273376465
807,bio_source_neurons,4,0.5627337623787242,0.2814154345480109,7.64849853515625
808,bio_source_neurons,5,0.567357246788736,0.2852045032265306,7.571068286895752
809,bio_source_neurons,6,0.5389291586842937,0.2830518420901615,7.571342468261719
810,bio_source_neurons,7,0.5159045797471096,0.2791231948555727,7.671525478363037
811,bio_source_neurons,8,0.5126432485776543,0.2911671190757521,7.579495429992676
812,bio_source_neurons,9,0.571525746637987,0.2499150473578673,7.558859348297119
813,bio_source_neurons,mean,0.5401022749128158,0.2820976823305406,7.589083909988403
814,bio_source_normal brain tissue,0,0.3925118304404023,0.8880536225475931,7.600786447525024
815,bio_source_normal brain tissue,1,0.3677564467622991,0.823218766775077,7.56943154335022
816,bio_source_normal brain tissue,2,0.3608030392593101,0.8413756546958985,7.587125301361084
817,bio_source_normal brain tissue,3,0.3810705425021308,0.7770833169082701,7.582599401473999
818,bio_source_normal brain tissue,4,0.4031342403208677,0.8016505214359303,7.656316757202148
819,bio_source_normal brain tissue,5,0.3597545779416312,0.7504490939453076,7.625947713851929
820,bio_source_normal brain tissue,6,0.3744314756361262,0.799949196755782,7.592955827713013
821,bio_source_normal brain tissue,7,0.3805629876376944,0.8290794335512169,7.701716661453247
822,bio_source_normal brain tissue,8,0.3844294184758702,0.7666428026616876,7.584511995315552
823,bio_source_normal brain tissue,9,0.3667404871661374,0.7458253700519551,7.631297588348389
824,bio_source_normal brain tissue,mean,0.377119504614247,0.8023327779328717,7.613268923759461
825,bio_source_normal prostate,0,0.6183530975569564,0.339733563509088,7.599936962127685
826,bio_source_normal prostate,1,0.6446756154089577,0.3031880773343459,7.66225790977478
827,bio_source_normal prostate,2,0.5807307878183006,0.3609286478621553,7.624981641769409
828,bio_source_normal prostate,3,0.6409423169633315,0.323932381531182,7.561309576034546
829,bio_source_normal prostate,4,0.6061904899978987,0.3503332707164429,7.679470062255859
830,bio_source_normal prostate,5,0.591284405905723,0.3647744035841355,7.577839612960815
831,bio_source_normal prostate,6,0.6511896758382734,0.3228703648223172,7.599684238433838
832,bio_source_normal prostate,7,0.6386204984863338,0.312451488807409,7.706688165664673
833,bio_source_normal prostate,8,0.6292020692504752,0.3072227924259301,7.618079423904419
834,bio_source_normal prostate,9,0.6076862610430993,0.3210819805086348,7.7048499584198
835,bio_source_normal prostate,mean,0.620887521826935,0.330651697110164,7.6335097551345825
836,bio_source_primary macrophages,0,-0.6648451073940023,1.2042555335854292,7.566758394241333
837,bio_source_primary macrophages,1,-0.6147039974953592,1.1022397948277929,7.602617263793945
838,bio_source_primary macrophages,2,-0.7253712521247551,1.322571428704301,7.57595944404602
839,bio_source_primary macrophages,3,-0.6920623722276136,1.2888985630059535,7.611905097961426
840,bio_source_primary macrophages,4,-0.9028721388661204,1.274175100232934,7.635102987289429
841,bio_source_primary macrophages,5,-0.8398891653650378,1.273657151176908,7.551164388656616
842,bio_source_primary macrophages,6,-0.7678813024570461,1.199472361571825,7.564026117324829
843,bio_source_primary macrophages,7,-0.8821389491884561,1.265844453312862,7.661940336227417
844,bio_source_primary macrophages,8,-0.57079180809484,1.2456306013523837,7.577768564224243
845,bio_source_primary macrophages,9,-0.5890136755126709,1.1434626736997575,7.56989598274231
846,bio_source_primary macrophages,mean,-0.7249569768725901,1.2320207661470146,7.591713857650757
847,bio_source_skeletal muscle,0,0.0186015408444153,2.46851243802958,7.593617916107178
848,bio_source_skeletal muscle,1,-0.0944345661375629,2.4403769564592928,7.572847604751587
849,bio_source_skeletal muscle,2,-0.0747199042289088,2.4719551394062,7.584726095199585
850,bio_source_skeletal muscle,3,-0.1766836309965531,2.6780278219054137,7.588207244873047
851,bio_source_skeletal muscle,4,-0.0801807915592203,2.532441918490276,7.6424853801727295
852,bio_source_skeletal muscle,5,-0.0666311596631465,2.512952466839081,7.591873407363892
853,bio_source_skeletal muscle,6,-0.0834185014408352,2.783068232275342,7.589926719665527
854,bio_source_skeletal muscle,7,-0.0678244635085232,2.459144878770781,7.653429746627808
855,bio_source_skeletal muscle,8,-0.1306078216776767,2.5736360743218363,7.60648250579834
856,bio_source_skeletal muscle,9,0.0448506807102792,2.379514962733769,7.5795981884002686
857,bio_source_skeletal muscle,mean,-0.0711048617657732,2.529963088923157,7.600319480895996
858,mean_te,0,0.5492221289033374,0.2130364325104293,7.716429948806763
859,mean_te,1,0.6056822588268691,0.1864958387291439,7.621916055679321
860,mean_te,2,0.5656935633063161,0.2138699848659894,7.602975368499756
861,mean_te,3,0.6068803815898834,0.1903296466357317,7.600861310958862
862,mean_te,4,0.6174721443083104,0.1854013528707679,7.578445672988892
863,mean_te,5,0.6010048742038451,0.1872319016765163,7.605390787124634
864,mean_te,6,0.6115534617514184,0.1877435742624577,7.588093757629394
865,mean_te,7,0.5748986974748798,0.1904015006762189,7.679436683654785
866,mean_te,8,0.5842730728048429,0.1820661612427257,7.617379426956177
867,mean_te,9,0.5838349635191741,0.1965478099037488,7.6858971118927
868,mean_te,mean,0.5900515546688877,0.1933124203373729,7.629682612419129
869,mean_across_cell_lines,0,0.5671536064410239,0.20456206353802153,0.0
870,mean_across_cell_lines,1,0.6197293634901513,0.17985214433664476,0.0
871,mean_across_cell_lines,2,0.5734022492793837,0.21007391735902906,0.0
872,mean_across_cell_lines,3,0.6041296187967468,0.1916614339235649,0.0
873,mean_across_cell_lines,4,0.6224520853406355,0.18298770431976183,0.0
874,mean_across_cell_lines,5,0.612022400503776,0.1820618325013832,0.0
875,mean_across_cell_lines,6,0.6186439070101108,0.1843166276819033,0.0
876,mean_across_cell_lines,7,0.5820354543990318,0.18720497029569952,0.0
877,mean_across_cell_lines,8,0.6027649703097998,0.17396769907301168,0.0
878,mean_across_cell_lines,9,0.6014328313518176,0.18823663025557322,0.0
879,mean_across_cell_lines,mean,0.6003766486922477,0.1884925023284593,0.0
